<?xml version="1.0" encoding="UTF-8"?>
<!DOCTYPE mapper
  PUBLIC "-//mybatis.org//DTD Mapper 3.0//EN"
  "http://mybatis.org/dtd/mybatis-3-mapper.dtd">  
  
<mapper namespace="com.hwyj.mapper.AdminMapper">

	<resultMap type="com.hwyj.domain.CustomerVO" id="memberMap">
		<id property="id" column="id" />
		<result property="id" column="id" />
		<result property="pw" column="pw" />
		<result property="m_name" column="m_name" />
		<result property="email" column="email" />
		<result property="tel" column="tel" />
		<result property="auth" column="auth" />
		<collection property="authList" resultMap="authMap">
		</collection>
	</resultMap>
	
	<resultMap type="com.hwyj.domain.AuthVO" id="authMap">
		<result property="id" column="id" />
		<result property="auth" column="auth" />
	</resultMap>
	
<!-- 	멤버 목록보기 (auth별로 보기) + 페이징처리!!!-->
	<select id="getMemberList" resultMap="memberMap"> 
		select member.id, m_name, email, tel, auth from member left outer join auth on member.id=auth.id
		where auth=#{auth} order by id limit #{startNum}, #{amount}
	</select>
	
<!-- 	멤버정보 상세보기 -->
	<select id="read" resultType="com.hwyj.domain.CustomerVO"> 
		select member.id, m_name, email, address, tel, member_date, auth
		from member left outer join auth on member.id=auth.id
		where member.id=#{id}
	</select>
	
<!--  	멤버 목록보기 (auth별로 보기)  -->
<!-- 	<select id="getMemberList" resultMap="memberMap">  -->
<!-- 		select member.id, m_name, email, tel, auth from member left outer join auth on member.id=auth.id -->
<!-- 		where auth=#{auth} -->
<!-- 	</select> -->
	
<!-- 	멤버 삭제 -->
	<delete id="deleteMember">
		delete from member where id=#{id}
	</delete>
	
<!--  	멤버 아이디 검색  -->
	<select id="search" resultMap="memberMap"> 
		select m.id, m_name, email, tel, auth from member m left outer join auth a on m.id=a.id
		where m.id like concat('%',#{keyword},'%')
	</select>
	
<!-- 	전체회원수 구하기 -->
	<select id="getTotalCount" resultType="_int"> 
		select count(*) from member
	</select>



</mapper>