<?xml version="1.0" encoding="UTF-8"?>
<!DOCTYPE mapper
  PUBLIC "-//mybatis.org//DTD Mapper 3.0//EN"
  "http://mybatis.org/dtd/mybatis-3-mapper.dtd">  
  
<mapper namespace="com.hwyj.mapper.CartMapper">




<!-- 	장바구니 담기 -->
	<insert id="insertCart">
		insert into cart (id, res_menu_code, amount) values(#{id}, #{res_menu_code}, #{amount})
	</insert>
	
<!-- 	장바구니 담을 때 같은 가게인지 확인 -->
	<select id="compare" resultType="string"> 
		select res_code from res_menu where res_menu_code=#{res_menu_code}
	</select>
	
<!-- 	이미 담겨있는 메뉴를 또 담으려고 할 때(수량 합쳐주기) -->
	<update id="sumAmount">
	update cart set amount=#{sumAmount} where cart_no=#{cart_no}
	</update>
	
<!--  	장바구니 담기(메뉴 여러개) -->
<!-- 	<insert id="insertCart" parameterType="java.util.List"> -->
<!-- 		insert into cart (id, res_menu_code, amount) values -->
<!-- 		<foreach collection="list" item="item" separator=","> -->
<!-- 			(#{item.id}, #{item.res_menu_code}, #{item.amount}) -->
<!-- 		</foreach> -->
<!-- 	</insert> -->


<!--  장바구니 목록보기 -->
	<select id="cartList" resultType="com.hwyj.domain.CartVO"> 
		select cart_no, c.res_menu_code, res_menu_name, res_menu_price, amount, res_menu_price*amount as sum
		from cart c left outer join res_menu r on c.res_menu_code=r.res_menu_code
		where id=#{id} order by cart_no desc
	</select>
	
<!-- 	장바구니 메뉴 수량 수정 -->
	<update id="updateAmount">
  		update cart set amount=#{amount} where cart_no=#{cart_no}
	</update>
	
<!-- 	장바구니 메뉴 삭제 -->
	<delete id="deleteMenu">
		delete from cart where cart_no=#{cart_no}
	</delete>
	
<!-- 	장바구니 전체삭제 -->
	<delete id="deleteAll">
		delete from cart where id=#{id}
	</delete>


	<select id="menuList"    resultType="map">	
		 SELECT res_menu.res_code,
 			   res_menu.res_menu_code,
			   res_menu.res_menu_name,
               res_menu.res_menu_explan,
               res_menu.res_menu_price
		FROM testdb.res_menu
		left JOIN res ON res_menu.res_menu_code = res.res_code
		WHERE res_menu.res_code is not null AND
		(res.res_code IS  NULL)  
		
		<!-- SELECT 
		res_menu.res_code,
		res_menu.res_menu_name,
		res_menu.res_menu_explan,
		res_menu.res_menu_price
		FROM res_menu 
		left JOIN res
		ON res_menu.res_menu_code=res.res_code
		WHERE res.res_code is null AND 
		(res_menu.res_code IS NULL OR res_menu.res_code=#{res_code}); -->
	</select>

</mapper>