<?xml version="1.0" encoding="UTF-8"?>
<!DOCTYPE mapper
  PUBLIC "-//mybatis.org//DTD Mapper 3.0//EN"
  "http://mybatis.org/dtd/mybatis-3-mapper.dtd">

<mapper namespace="com.hwyj.mapper.OrderMapper">


	<select id="orderList" parameterType="map" resultType="String">
		select testdb.order.order_no,
		testdb.order.id,
		testdb.order.res_menu_code,
		testdb.order.res_code,
		testdb.res_menu.res_menu_price*testdb.order.order_count as res_menu_aconut,
		testdb.res_menu.res_menu_name,
		testdb.res.res_name,
		testdb.res.del_price
		from testdb.order
		right outer join testdb.res_menu on
		testdb.order.res_menu_code=testdb.res_menu.res_menu_code
		right outer join testdb.res on
		testdb.order.res_code=testdb.res.res_code
		where testdb.order.id=#{id} is not null order by order_no desc
	</select>



	<update id="updateOrder" parameterType="com.hwyj.domain.OrderVO">
		update testdb.order, cart
		set testdb.order.id=cart.id,
		testdb.order.res_menu_code =
		cart.res_menu_code,
		testdb.order.order_count=cart.amount
		where
		testdb.order.id=cart.id

	</update>
	
	
	<insert id="insertOrder" parameterType="com.hwyj.domain.OrderVO">
		insert into testdb.order(
		order_no, 
		id, 
		res_menu_code,
		res_code,
		order_date)
		VALUES 
		(#{order_no},
		#{id},
		#{res_menu_code},
		#{res_code},
		now())
	</insert>
	
	<select id="read" resultType="string">
		select res_code
		from testdb.res_menu where res_menu_code=#{res_menu_code}
	</select>


<!-- 	<insert id="insertOrder" parameterType="com.hwyj.domain.OrderVO">
		insert into testdb.order(order_no, id, 
		res_menu_code,order_count,res_code,
		order_date)
		select
		cart.id,
		cart.res_menu_code,
		amount,
		res.res_code,
		testdb.order.order_date
		from cart ,
		res,
		testdb.order
		left outer join testdb.res as r on testdb.order.res_code=r.res_code
		where testdb.cart.id=#{id}
	</insert>
 -->



</mapper>