<?xml version="1.0" encoding="UTF-8"?>
<!DOCTYPE mapper
  PUBLIC "-//mybatis.org//DTD Mapper 3.0//EN"
  "http://mybatis.org/dtd/mybatis-3-mapper.dtd">  
  
<mapper namespace="com.hwyj.mapper.ReviewMapper">

<!-- 	리뷰 등록(주문내역 -->
	<insert id="insertReview">
<!-- 		insert into review (id, res_code, content, rate) values(#{id}, #{res_code}, #{content}, #{rate}) -->

<!-- from cart 나중에 주문내역 테이블로 바꾸기 + where id 뒤에 and res_code=#{res_code} 추가해서 해당 매장 주문내역 있어야 insert 가능하게-->
		insert into review (id, res_code, content, rate) select #{id}, #{res_code}, #{content}, #{rate}
		from dual where exists(select id from cart where id=#{id})
	</insert>
	
<!-- 	리뷰 수정 -->
	<update id="updateReview">
  		update review set content=#{content}, rate=#{rate}, review_date=now() where review_no=#{review_no} and id=#{id}
	</update>

<!-- 	리뷰 삭제 -->
	<delete id="deleteReview">
		delete from review where review_no=#{review_no} and id=#{id}
	</delete>
	
<!-- 	매장 리뷰 목록 불러오기 -->
	<select id="getReviewList" resultType="com.hwyj.domain.ReviewVO"> 
		select review_no, m_name, r.id, r.res_code, content, review_date, rate from review r inner join member m on r.id=m.id
		where r.res_code=#{res_code} order by review_date desc
	</select>
	
<!-- 	매장 평균별점 (아직 리뷰등록 안된 매장이면 0리턴) -->
	<select id="getRate" resultType="_double"> 
		select ifnull(avg(rate),0) from review where res_code=#{res_code}
	</select>



</mapper>