<?xml version="1.0" encoding="UTF-8"?>
<beans xmlns="http://www.springframework.org/schema/beans"
	xmlns:xsi="http://www.w3.org/2001/XMLSchema-instance"
	xmlns:mybatis-spring="http://mybatis.org/schema/mybatis-spring"
	xmlns:context="http://www.springframework.org/schema/context"
	xsi:schemaLocation="http://mybatis.org/schema/mybatis-spring http://mybatis.org/schema/mybatis-spring-1.2.xsd
		http://www.springframework.org/schema/beans https://www.springframework.org/schema/beans/spring-beans.xsd
		http://www.springframework.org/schema/context http://www.springframework.org/schema/context/spring-context-4.3.xsd">

	<!-- Root Context: defines shared resources visible to all other web components -->
	<bean id="hikariConfig" class="com.zaxxer.hikari.HikariConfig">

		<!-- <property name="driverClassName" value="com.mysql.cj.jdbc.Driver"></property> -->
		<property name="driverClassName"
			value="net.sf.log4jdbc.sql.jdbcapi.DriverSpy"></property>
		<property name="jdbcUrl"
			value="jdbc:log4jdbc:mariadb://192.168.0.36:3306/testdb"></property>
		<property name="username" value="delivery"></property>
		<property name="password" value="1234"></property>

	</bean>

	<!-- HikariCP configuration -->
	<bean id="dataSource" class="com.zaxxer.hikari.HikariDataSource"
		destroy-method="close">
		<constructor-arg ref="hikariConfig" />
	</bean>

	<bean id="sqlSessionFactory"
		class="org.mybatis.spring.SqlSessionFactoryBean">
		<property name="dataSource" ref="dataSource"></property>
	</bean>

	<mybatis-spring:scan base-package="com.hwyj.mapper" />
	<context:component-scan base-package="com.hwyj.service"></context:component-scan>


	<!-- 파일업로드 디렉토리 설정 -->
	
	<bean id="multipartResolver"
		class="org.springframework.web.multipart.commons.CommonsMultipartResolver">


		<!-- 파일업로드 용량 (10MB) -->
		<property name="maxUploadSize" value="10485760" />
		<property name="defaultEncoding" value="UTF-8" />
	</bean>


	<bean id="uploadPath" class="java.lang.String">
		<constructor-arg value="/profileImage" />
	</bean>
	
	
	<!-- 이메일 발송 설정 -->
    <bean id="mailSender" 
		class="org.springframework.mail.javamail.JavaMailSenderImpl">
        <property name="host" value="smtp.gmail.com" /> 
        <property name="port" value="587" />
        <property name="username" value="testhan70@gmail.com" />
        <property name="password" value="iot0807#" />
        <property name="javaMailProperties">
            <props>
                <prop key="mail.transport.protocol">smtp</prop>
                <prop key="mail.smtp.auth">true</prop>
                <prop key="mail.smtp.starttls.enable">true</prop>
                <prop key="mail.debug">true</prop>
            </props>
        </property>
    </bean>

	


</beans>
